<?xml version="1.0" encoding="UTF-8"?><TaskList Version="2.0"><Task ConnectorKind="github" RepositoryUrl="http://github.com/fpstovall/course-oo-java" TaskId="1" Key="1" Handle="http://github.com/fpstovall/course-oo-java-1" Label="Initial project setup." Priority="P3" Kind="task" IssueURL="http://github.com/fpstovall/course-oo-java/issues/1" Notes="" Estimated="0" EndDate="" CreationDate="2016-12-28 09:40:50.0 -0500" ModificationDate="2016-12-28 09:49:04.0 -0500" DueDate="" Owner="fpstovall" OwnerId="fpstovall" Active="true" Reminded="false" MarkReadPending="true" NotifiedIncoming="false" offlineSyncState="SYNCHRONIZED"><Attribute Key="task.common.suppress.incoming">false</Attribute></Task><TaskCategory Handle="Uncategorized" Name="Uncategorized"/><Query Handle="handle-1" ConnectorKind="github" Name="Open Java Course Tasks." RepositoryUrl="http://github.com/fpstovall/course-oo-java" LastRefreshTimeStamp="Dec 28, 9:49:05"><Attribute Key="state">open::closed::</Attribute><QueryHit Handle="http://github.com/fpstovall/course-oo-java-1"/></Query></TaskList>